{
    "max_ngram_diff": "26",
    "index": {
      "number_of_shards": 1,
      "number_of_replicas": 1
    },
    "analysis": {
      "filter": {
        "cs_stop": {
          "type": "stop",
          "ignore_case": true
        },
        "cs_word_delimiter": {
          "type": "word_delimiter_graph",
          "preserve_original": true,
          "catenate_words": true
        },
        "cs_short_filter": {
          "type": "length",
          "min": "0",
          "max": "3"
        }
      },
      "tokenizer" : {
        "cs_ngram_tokenizer" : {
          "type" : "ngram",
          "min_gram" : "4",
          "max_gram" : "30",
          "token_chars": [
            "letter",
            "digit",
            "custom"
          ],
          "custom_token_chars": [
            "-"
          ]
        },
        "cs_char_group_tokenizer" : {
          "type" : "char_group",
          "tokenize_on_chars": [
            "whitespace",
            "_", "."
          ]
        }
      },
      "analyzer": {
        "cs_textvalue_index": {
          "filter": [
            "cs_stop",
            "cs_word_delimiter",
            "flatten_graph",
            "lowercase",
            "remove_duplicates",
            "asciifolding",
            "porter_stem"
          ],
          "tokenizer": "cs_ngram_tokenizer"
        },
        "cs_textvalue_index_short": {
          "filter": [
            "cs_stop",
            "lowercase",
            "cs_short_filter"
          ],
          "tokenizer": "cs_char_group_tokenizer"
        },
        "cs_textvalue_search": {
          "filter": [
            "cs_stop",
            "lowercase",
            "porter_stem"
          ],
          "tokenizer": "cs_char_group_tokenizer"
        }
      }
    }
}
