{
  "dynamic": false,
  "properties": {
    "id": {
      "type": "keyword"
    },
    "roles": {
      "type": "keyword"
    },
    "indexedOn": {
      "type": "date"
    },
    "entityType": {
      "type": "keyword"
    },
    "ancestors": {
      "type": "object",
      "properties": {
        "id": {
          "type": "keyword"
        },
        "entityType": {
          "type": "keyword"
        }
      }
    },
    "nodes": {
      "type": "nested",
      "properties": {
        "id": {
          "type": "keyword"
        },
        "parentId": {
          "type": "keyword"
        },
        "entityType": {
          "type": "keyword"
        },
        "nodePath": {
          "type": "keyword"
        },
        "referencedNodePath": {
          "type": "keyword"
        },
        "properties": {
          "type": "nested",
          "properties": {
            "name": {
              "type": "keyword"
            },
            "annotations": {
              "type": "nested",
              "properties": {
                "name": {
                  "type": "keyword"
                },
                "value": {
                  "type": "keyword"
                }
              }
            },
            "textValue": {
              "type": "text",
              "fields": {
                "short": {
                  "type": "text",
                  "analyzer": "cs_textvalue_index_short"
                }
              },
              "analyzer": "cs_textvalue_index",
              "search_analyzer": "cs_textvalue_search"
            },
            "keywordValue": {
              "type": "keyword"
            },
            "sayt": {
              "type": "search_as_you_type"
            },
            "doubleValue": {
              "type": "double"
            },
            "dateValue": {
              "type": "date"
            },
            "roles": {
              "type": "keyword"
            }
          }
        },
        "roles": {
          "type": "keyword"
        }
      }
    }
  }
}
