<?xml version="1.0" encoding="UTF-8"?>
<!--
  ~ Copyright 2002-2018 Ataccama Software, s.r.o. All rights reserved.
  ~ ATACCAMA PROPRIETARY/CONFIDENTIAL.
  ~ Any use of this source code is prohibited without prior written
  ~ permission of Ataccama Software, s.r.o.; Czech Republic, Id.no.: 28235550
  ~ http://www.ataccama.com
  -->
<mime-info>
    <mime-type type="application/ataccama-profile">
        <_comment>DQC profile file</_comment>
        <magic priority="50">
            <!-- Normally just %PDF- -->
            <match value="CIF4PROFILING" type="string" offset="0"/>
        </magic>
        <glob pattern="*.profile"/>
    </mime-type>
    <mime-type type="application/ataccama-lookup">
        <_comment>DQC lookup file</_comment>
        <magic priority="50">
            <!-- Normally just %PDF- -->
            <match value="CIF4LKPTABLE" type="string" offset="0"/>
        </magic>
        <glob pattern="*.lkp"/>
    </mime-type>
    <mime-type type="avro/binary">
        <_comment>AVRO binary file</_comment>
        <magic priority="50">
            <!-- Normally just %PDF- -->
            <match value="Obj1" type="string" offset="0"/>
        </magic>
        <glob pattern="*.avro"/>
    </mime-type>
</mime-info>
