{
  "workflowDescription": "Ataccama integraiton run all workflow.",
  "workflowDefinition": {
    "revisionType": "MAJOR",
    "phases": [
      {
        "phase": "EXTRACTION",
        "technologies": [],
        "environmentVariables": {}
      },
      {
        "phase": "ANALYSIS",
        "technologies": [],
        "environmentVariables": {}
      },
      {
        "phase": "EXPORT",
        "technologies": [
          {
            "technology": "NONE_TECHNOLOGY",
            "connections": [
              {
                "connectionID": "",
                "scenarios": [
                  {
                    "scenarioName": "exportRepositoryScenario",
                    "environmentVariables": {}
                  }
                ],
                "environmentVariables": {}
              }
            ],
            "environmentVariables": {}
          },
          {
            "technology": "ANY_TECHNOLOGY",
            "connections": [
              {
                "connectionID": "ANY_CONNECTION",
                "scenarios": [
                  {
                    "scenarioName": "oracleOpenExportScenario",
                    "environmentVariables": {}
                  },
                  {
                    "scenarioName": "teradataOpenExportScenario",
                    "environmentVariables": {}
                  },
                  {
                    "scenarioName": "mssqlOpenExportScenario",
                    "environmentVariables": {}
                  },
                  {
                    "scenarioName": "netezzaOpenExportScenario",
                    "environmentVariables": {}
                  },
                  {
                    "scenarioName": "db2OpenExportScenario",
                    "environmentVariables": {}
                  },
                  {
                    "scenarioName": "postgresqlOpenExportScenario",
                    "environmentVariables": {}
                  },
                  {
                    "scenarioName": "ifpcOpenExportScenario",
                    "environmentVariables": {}
                  },
                  {
                    "scenarioName": "ssisOpenExportScenario",
                    "environmentVariables": {}
                  },
                  {
                    "scenarioName": "odiOpenExportScenario",
                    "environmentVariables": {}
                  },
                  {
                    "scenarioName": "datastageOpenExportScenario",
                    "environmentVariables": {}
                  },
                  {
                    "scenarioName": "talendOpenExportScenario",
                    "environmentVariables": {}
                  },
                  {
                    "scenarioName": "sqoopOpenExportScenario",
                    "environmentVariables": {}
                  },
                  {
                    "scenarioName": "piglatinOpenExportScenario",
                    "environmentVariables": {}
                  },
                  {
                    "scenarioName": "ssasOpenExportScenario",
                    "environmentVariables": {}
                  },
                  {
                    "scenarioName": "ssrsOpenExportScenario",
                    "environmentVariables": {}
                  },
                  {
                    "scenarioName": "cognosOpenExportScenario",
                    "environmentVariables": {}
                  },
                  {
                    "scenarioName": "powerbiOpenExportScenario",
                    "environmentVariables": {}
                  },
                  {
                    "scenarioName": "tableauOpenExportScenario",
                    "environmentVariables": {}
                  },
                  {
                    "scenarioName": "obieeOpenExportScenario",
                    "environmentVariables": {}
                  },
                  {
                    "scenarioName": "excelOpenExportScenario",
                    "environmentVariables": {}
                  },
                  {
                    "scenarioName": "sapboOpenExportScenario",
                    "environmentVariables": {}
                  },
                  {
                    "scenarioName": "streamsetsOpenExportScenario",
                    "environmentVariables": {}
                  },
                  {
                    "scenarioName": "qliksenseOpenExportScenario",
                    "environmentVariables": {}
                  },
                  {
                    "scenarioName": "annotatedscriptOpenExportScenario",
                    "environmentVariables": {}
                  },
                  {
                    "scenarioName": "cobolOpenExportScenario",
                    "environmentVariables": {}
                  },
                  {
                    "scenarioName": "hiveOpenExportScenario",
                    "environmentVariables": {}
                  },
                  {
                    "scenarioName": "importOpenExportScenario",
                    "environmentVariables": {}
                  },
                  {
                    "scenarioName": "sasOpenExportScenario",
                    "environmentVariables": {}
                  },
                  {
                    "scenarioName": "snowflakeOpenExportScenario",
                    "environmentVariables": {}
                  }
                ],
                "environmentVariables": {}
              }
            ],
            "environmentVariables": {}
          }
        ],
        "environmentVariables": {}
      }
    ],
    "environmentVariables": {},
    "advanced": false,
    "maxParallelScenarios": 4
  }
}
